0,1
/entry.nhn?docId=939012&cid=51034&categoryId=51034,케겔 운동
/entry.nhn?docId=938949&cid=51034&categoryId=51034,고양이 자세 [Marjaryasana]
/entry.nhn?docId=938974&cid=51034&categoryId=51034,복식 호흡
/entry.nhn?docId=938955&cid=51034&categoryId=51034,나비 자세 [Baddha Konasana]
/entry.nhn?docId=938975&cid=51034&categoryId=51034,비둘기 자세 [Eka Pada Rajakapotasana]
/entry.nhn?docId=938956&cid=51034&categoryId=51034,낙타 자세 [Ustrasana]
/entry.nhn?docId=938992&cid=51034&categoryId=51034,쟁기 자세 [Halasana]
/entry.nhn?docId=938994&cid=51034&categoryId=51034,코브라 자세 [Bhujangasana]
/entry.nhn?docId=938964&cid=51034&categoryId=51034,물고기 자세 [Matsyasana]
/entry.nhn?docId=939001&cid=51034&categoryId=51034,고관절 운동
/entry.nhn?docId=939006&cid=51034&categoryId=51034,발끝 치기
/entry.nhn?docId=938968&cid=51034&categoryId=51034,준비 운동
/entry.nhn?docId=939003&cid=51034&categoryId=51034,모관 운동
/entry.nhn?docId=938981&cid=51034&categoryId=51034,소머리 자세 [Gomukhasana]
/entry.nhn?docId=938963&cid=51034&categoryId=51034,메뚜기 자세 [Salabhasana]
/entry.nhn?docId=939012&cid=51034&categoryId=51034,케겔 운동
/entry.nhn?docId=938949&cid=51034&categoryId=51034,고양이 자세 [Marjaryasana]
/entry.nhn?docId=938974&cid=51034&categoryId=51034,복식 호흡
/entry.nhn?docId=938955&cid=51034&categoryId=51034,나비 자세 [Baddha Konasana]
/entry.nhn?docId=938975&cid=51034&categoryId=51034,비둘기 자세 [Eka Pada Rajakapotasana]
/entry.nhn?docId=938956&cid=51034&categoryId=51034,낙타 자세 [Ustrasana]
/entry.nhn?docId=938992&cid=51034&categoryId=51034,쟁기 자세 [Halasana]
/entry.nhn?docId=938994&cid=51034&categoryId=51034,코브라 자세 [Bhujangasana]
/entry.nhn?docId=938964&cid=51034&categoryId=51034,물고기 자세 [Matsyasana]
/entry.nhn?docId=939001&cid=51034&categoryId=51034,고관절 운동
/entry.nhn?docId=939006&cid=51034&categoryId=51034,발끝 치기
/entry.nhn?docId=938968&cid=51034&categoryId=51034,준비 운동
/entry.nhn?docId=939003&cid=51034&categoryId=51034,모관 운동
/entry.nhn?docId=938981&cid=51034&categoryId=51034,소머리 자세 [Gomukhasana]
/entry.nhn?docId=938963&cid=51034&categoryId=51034,메뚜기 자세 [Salabhasana]
/entry.nhn?docId=939012&cid=51034&categoryId=51034,케겔 운동
/entry.nhn?docId=938949&cid=51034&categoryId=51034,고양이 자세 [Marjaryasana]
/entry.nhn?docId=938974&cid=51034&categoryId=51034,복식 호흡
/entry.nhn?docId=938955&cid=51034&categoryId=51034,나비 자세 [Baddha Konasana]
/entry.nhn?docId=938975&cid=51034&categoryId=51034,비둘기 자세 [Eka Pada Rajakapotasana]
/entry.nhn?docId=938956&cid=51034&categoryId=51034,낙타 자세 [Ustrasana]
/entry.nhn?docId=938992&cid=51034&categoryId=51034,쟁기 자세 [Halasana]
/entry.nhn?docId=938994&cid=51034&categoryId=51034,코브라 자세 [Bhujangasana]
/entry.nhn?docId=938964&cid=51034&categoryId=51034,물고기 자세 [Matsyasana]
/entry.nhn?docId=939001&cid=51034&categoryId=51034,고관절 운동
/entry.nhn?docId=939006&cid=51034&categoryId=51034,발끝 치기
/entry.nhn?docId=938968&cid=51034&categoryId=51034,준비 운동
/entry.nhn?docId=939003&cid=51034&categoryId=51034,모관 운동
/entry.nhn?docId=938981&cid=51034&categoryId=51034,소머리 자세 [Gomukhasana]
/entry.nhn?docId=938963&cid=51034&categoryId=51034,메뚜기 자세 [Salabhasana]
/entry.nhn?docId=939012&cid=51034&categoryId=51034,케겔 운동
/entry.nhn?docId=938949&cid=51034&categoryId=51034,고양이 자세 [Marjaryasana]
/entry.nhn?docId=938974&cid=51034&categoryId=51034,복식 호흡
/entry.nhn?docId=938955&cid=51034&categoryId=51034,나비 자세 [Baddha Konasana]
/entry.nhn?docId=938975&cid=51034&categoryId=51034,비둘기 자세 [Eka Pada Rajakapotasana]
/entry.nhn?docId=938956&cid=51034&categoryId=51034,낙타 자세 [Ustrasana]
/entry.nhn?docId=938992&cid=51034&categoryId=51034,쟁기 자세 [Halasana]
/entry.nhn?docId=938994&cid=51034&categoryId=51034,코브라 자세 [Bhujangasana]
/entry.nhn?docId=938964&cid=51034&categoryId=51034,물고기 자세 [Matsyasana]
/entry.nhn?docId=939001&cid=51034&categoryId=51034,고관절 운동
/entry.nhn?docId=939006&cid=51034&categoryId=51034,발끝 치기
/entry.nhn?docId=938968&cid=51034&categoryId=51034,준비 운동
/entry.nhn?docId=939003&cid=51034&categoryId=51034,모관 운동
/entry.nhn?docId=938981&cid=51034&categoryId=51034,소머리 자세 [Gomukhasana]
/entry.nhn?docId=938963&cid=51034&categoryId=51034,메뚜기 자세 [Salabhasana]
/entry.nhn?docId=939012&cid=51034&categoryId=51034,케겔 운동
/entry.nhn?docId=938949&cid=51034&categoryId=51034,고양이 자세 [Marjaryasana]
/entry.nhn?docId=938974&cid=51034&categoryId=51034,복식 호흡
/entry.nhn?docId=938955&cid=51034&categoryId=51034,나비 자세 [Baddha Konasana]
/entry.nhn?docId=938975&cid=51034&categoryId=51034,비둘기 자세 [Eka Pada Rajakapotasana]
/entry.nhn?docId=938956&cid=51034&categoryId=51034,낙타 자세 [Ustrasana]
/entry.nhn?docId=938992&cid=51034&categoryId=51034,쟁기 자세 [Halasana]
/entry.nhn?docId=938994&cid=51034&categoryId=51034,코브라 자세 [Bhujangasana]
/entry.nhn?docId=938964&cid=51034&categoryId=51034,물고기 자세 [Matsyasana]
/entry.nhn?docId=939001&cid=51034&categoryId=51034,고관절 운동
/entry.nhn?docId=939006&cid=51034&categoryId=51034,발끝 치기
/entry.nhn?docId=938968&cid=51034&categoryId=51034,준비 운동
/entry.nhn?docId=939003&cid=51034&categoryId=51034,모관 운동
/entry.nhn?docId=938981&cid=51034&categoryId=51034,소머리 자세 [Gomukhasana]
/entry.nhn?docId=938963&cid=51034&categoryId=51034,메뚜기 자세 [Salabhasana]
/entry.nhn?docId=939012&cid=51034&categoryId=51034,케겔 운동
/entry.nhn?docId=938949&cid=51034&categoryId=51034,고양이 자세 [Marjaryasana]
/entry.nhn?docId=938974&cid=51034&categoryId=51034,복식 호흡
/entry.nhn?docId=938955&cid=51034&categoryId=51034,나비 자세 [Baddha Konasana]
/entry.nhn?docId=938975&cid=51034&categoryId=51034,비둘기 자세 [Eka Pada Rajakapotasana]
/entry.nhn?docId=938956&cid=51034&categoryId=51034,낙타 자세 [Ustrasana]
/entry.nhn?docId=938992&cid=51034&categoryId=51034,쟁기 자세 [Halasana]
/entry.nhn?docId=938994&cid=51034&categoryId=51034,코브라 자세 [Bhujangasana]
/entry.nhn?docId=938964&cid=51034&categoryId=51034,물고기 자세 [Matsyasana]
/entry.nhn?docId=939001&cid=51034&categoryId=51034,고관절 운동
/entry.nhn?docId=939006&cid=51034&categoryId=51034,발끝 치기
/entry.nhn?docId=938968&cid=51034&categoryId=51034,준비 운동
/entry.nhn?docId=939003&cid=51034&categoryId=51034,모관 운동
/entry.nhn?docId=938981&cid=51034&categoryId=51034,소머리 자세 [Gomukhasana]
/entry.nhn?docId=938963&cid=51034&categoryId=51034,메뚜기 자세 [Salabhasana]
/entry.nhn?docId=939012&cid=51034&categoryId=51034,케겔 운동
/entry.nhn?docId=938949&cid=51034&categoryId=51034,고양이 자세 [Marjaryasana]
/entry.nhn?docId=938974&cid=51034&categoryId=51034,복식 호흡
/entry.nhn?docId=938955&cid=51034&categoryId=51034,나비 자세 [Baddha Konasana]
/entry.nhn?docId=938975&cid=51034&categoryId=51034,비둘기 자세 [Eka Pada Rajakapotasana]
/entry.nhn?docId=938956&cid=51034&categoryId=51034,낙타 자세 [Ustrasana]
/entry.nhn?docId=938992&cid=51034&categoryId=51034,쟁기 자세 [Halasana]
/entry.nhn?docId=938994&cid=51034&categoryId=51034,코브라 자세 [Bhujangasana]
/entry.nhn?docId=938964&cid=51034&categoryId=51034,물고기 자세 [Matsyasana]
/entry.nhn?docId=939001&cid=51034&categoryId=51034,고관절 운동
/entry.nhn?docId=939006&cid=51034&categoryId=51034,발끝 치기
/entry.nhn?docId=938968&cid=51034&categoryId=51034,준비 운동
/entry.nhn?docId=939003&cid=51034&categoryId=51034,모관 운동
/entry.nhn?docId=938981&cid=51034&categoryId=51034,소머리 자세 [Gomukhasana]
/entry.nhn?docId=938963&cid=51034&categoryId=51034,메뚜기 자세 [Salabhasana]
/entry.nhn?docId=939012&cid=51034&categoryId=51034,케겔 운동
/entry.nhn?docId=938949&cid=51034&categoryId=51034,고양이 자세 [Marjaryasana]
/entry.nhn?docId=938974&cid=51034&categoryId=51034,복식 호흡
/entry.nhn?docId=938955&cid=51034&categoryId=51034,나비 자세 [Baddha Konasana]
/entry.nhn?docId=938975&cid=51034&categoryId=51034,비둘기 자세 [Eka Pada Rajakapotasana]
/entry.nhn?docId=938956&cid=51034&categoryId=51034,낙타 자세 [Ustrasana]
/entry.nhn?docId=938992&cid=51034&categoryId=51034,쟁기 자세 [Halasana]
/entry.nhn?docId=938994&cid=51034&categoryId=51034,코브라 자세 [Bhujangasana]
/entry.nhn?docId=938964&cid=51034&categoryId=51034,물고기 자세 [Matsyasana]
/entry.nhn?docId=939001&cid=51034&categoryId=51034,고관절 운동
/entry.nhn?docId=939006&cid=51034&categoryId=51034,발끝 치기
/entry.nhn?docId=938968&cid=51034&categoryId=51034,준비 운동
/entry.nhn?docId=939003&cid=51034&categoryId=51034,모관 운동
/entry.nhn?docId=938981&cid=51034&categoryId=51034,소머리 자세 [Gomukhasana]
/entry.nhn?docId=938963&cid=51034&categoryId=51034,메뚜기 자세 [Salabhasana]
/entry.nhn?docId=939012&cid=51034&categoryId=51034,케겔 운동
/entry.nhn?docId=938949&cid=51034&categoryId=51034,고양이 자세 [Marjaryasana]
/entry.nhn?docId=938974&cid=51034&categoryId=51034,복식 호흡
/entry.nhn?docId=938955&cid=51034&categoryId=51034,나비 자세 [Baddha Konasana]
/entry.nhn?docId=938975&cid=51034&categoryId=51034,비둘기 자세 [Eka Pada Rajakapotasana]
/entry.nhn?docId=938956&cid=51034&categoryId=51034,낙타 자세 [Ustrasana]
/entry.nhn?docId=938992&cid=51034&categoryId=51034,쟁기 자세 [Halasana]
/entry.nhn?docId=938994&cid=51034&categoryId=51034,코브라 자세 [Bhujangasana]
/entry.nhn?docId=938964&cid=51034&categoryId=51034,물고기 자세 [Matsyasana]
/entry.nhn?docId=939001&cid=51034&categoryId=51034,고관절 운동
/entry.nhn?docId=939006&cid=51034&categoryId=51034,발끝 치기
/entry.nhn?docId=938968&cid=51034&categoryId=51034,준비 운동
/entry.nhn?docId=939003&cid=51034&categoryId=51034,모관 운동
/entry.nhn?docId=938981&cid=51034&categoryId=51034,소머리 자세 [Gomukhasana]
/entry.nhn?docId=938963&cid=51034&categoryId=51034,메뚜기 자세 [Salabhasana]
/entry.nhn?docId=939012&cid=51034&categoryId=51034,케겔 운동
/entry.nhn?docId=938949&cid=51034&categoryId=51034,고양이 자세 [Marjaryasana]
/entry.nhn?docId=938974&cid=51034&categoryId=51034,복식 호흡
/entry.nhn?docId=938955&cid=51034&categoryId=51034,나비 자세 [Baddha Konasana]
/entry.nhn?docId=938975&cid=51034&categoryId=51034,비둘기 자세 [Eka Pada Rajakapotasana]
/entry.nhn?docId=938956&cid=51034&categoryId=51034,낙타 자세 [Ustrasana]
/entry.nhn?docId=938992&cid=51034&categoryId=51034,쟁기 자세 [Halasana]
/entry.nhn?docId=938994&cid=51034&categoryId=51034,코브라 자세 [Bhujangasana]
/entry.nhn?docId=938964&cid=51034&categoryId=51034,물고기 자세 [Matsyasana]
/entry.nhn?docId=939001&cid=51034&categoryId=51034,고관절 운동
/entry.nhn?docId=939006&cid=51034&categoryId=51034,발끝 치기
/entry.nhn?docId=938968&cid=51034&categoryId=51034,준비 운동
/entry.nhn?docId=939003&cid=51034&categoryId=51034,모관 운동
/entry.nhn?docId=938981&cid=51034&categoryId=51034,소머리 자세 [Gomukhasana]
/entry.nhn?docId=938963&cid=51034&categoryId=51034,메뚜기 자세 [Salabhasana]
/entry.nhn?docId=939012&cid=51034&categoryId=51034,케겔 운동
/entry.nhn?docId=938949&cid=51034&categoryId=51034,고양이 자세 [Marjaryasana]
/entry.nhn?docId=938974&cid=51034&categoryId=51034,복식 호흡
/entry.nhn?docId=938955&cid=51034&categoryId=51034,나비 자세 [Baddha Konasana]
/entry.nhn?docId=938975&cid=51034&categoryId=51034,비둘기 자세 [Eka Pada Rajakapotasana]
/entry.nhn?docId=938956&cid=51034&categoryId=51034,낙타 자세 [Ustrasana]
/entry.nhn?docId=938992&cid=51034&categoryId=51034,쟁기 자세 [Halasana]
/entry.nhn?docId=938994&cid=51034&categoryId=51034,코브라 자세 [Bhujangasana]
/entry.nhn?docId=938964&cid=51034&categoryId=51034,물고기 자세 [Matsyasana]
/entry.nhn?docId=939001&cid=51034&categoryId=51034,고관절 운동
/entry.nhn?docId=939006&cid=51034&categoryId=51034,발끝 치기
/entry.nhn?docId=938968&cid=51034&categoryId=51034,준비 운동
/entry.nhn?docId=939003&cid=51034&categoryId=51034,모관 운동
/entry.nhn?docId=938981&cid=51034&categoryId=51034,소머리 자세 [Gomukhasana]
/entry.nhn?docId=938963&cid=51034&categoryId=51034,메뚜기 자세 [Salabhasana]
/entry.nhn?docId=939012&cid=51034&categoryId=51034,케겔 운동
/entry.nhn?docId=938949&cid=51034&categoryId=51034,고양이 자세 [Marjaryasana]
/entry.nhn?docId=938974&cid=51034&categoryId=51034,복식 호흡
/entry.nhn?docId=938955&cid=51034&categoryId=51034,나비 자세 [Baddha Konasana]
/entry.nhn?docId=938975&cid=51034&categoryId=51034,비둘기 자세 [Eka Pada Rajakapotasana]
/entry.nhn?docId=938956&cid=51034&categoryId=51034,낙타 자세 [Ustrasana]
/entry.nhn?docId=938992&cid=51034&categoryId=51034,쟁기 자세 [Halasana]
/entry.nhn?docId=938994&cid=51034&categoryId=51034,코브라 자세 [Bhujangasana]
/entry.nhn?docId=938964&cid=51034&categoryId=51034,물고기 자세 [Matsyasana]
/entry.nhn?docId=939001&cid=51034&categoryId=51034,고관절 운동
/entry.nhn?docId=939006&cid=51034&categoryId=51034,발끝 치기
/entry.nhn?docId=938968&cid=51034&categoryId=51034,준비 운동
/entry.nhn?docId=939003&cid=51034&categoryId=51034,모관 운동
/entry.nhn?docId=938981&cid=51034&categoryId=51034,소머리 자세 [Gomukhasana]
/entry.nhn?docId=938963&cid=51034&categoryId=51034,메뚜기 자세 [Salabhasana]
/entry.nhn?docId=939012&cid=51034&categoryId=51034,케겔 운동
/entry.nhn?docId=938949&cid=51034&categoryId=51034,고양이 자세 [Marjaryasana]
/entry.nhn?docId=938974&cid=51034&categoryId=51034,복식 호흡
/entry.nhn?docId=938955&cid=51034&categoryId=51034,나비 자세 [Baddha Konasana]
/entry.nhn?docId=938975&cid=51034&categoryId=51034,비둘기 자세 [Eka Pada Rajakapotasana]
/entry.nhn?docId=938956&cid=51034&categoryId=51034,낙타 자세 [Ustrasana]
/entry.nhn?docId=938992&cid=51034&categoryId=51034,쟁기 자세 [Halasana]
/entry.nhn?docId=938994&cid=51034&categoryId=51034,코브라 자세 [Bhujangasana]
/entry.nhn?docId=938964&cid=51034&categoryId=51034,물고기 자세 [Matsyasana]
/entry.nhn?docId=939001&cid=51034&categoryId=51034,고관절 운동
/entry.nhn?docId=939006&cid=51034&categoryId=51034,발끝 치기
/entry.nhn?docId=938968&cid=51034&categoryId=51034,준비 운동
/entry.nhn?docId=939003&cid=51034&categoryId=51034,모관 운동
/entry.nhn?docId=938981&cid=51034&categoryId=51034,소머리 자세 [Gomukhasana]
/entry.nhn?docId=938963&cid=51034&categoryId=51034,메뚜기 자세 [Salabhasana]
/entry.nhn?docId=939012&cid=51034&categoryId=51034,케겔 운동
/entry.nhn?docId=938949&cid=51034&categoryId=51034,고양이 자세 [Marjaryasana]
/entry.nhn?docId=938974&cid=51034&categoryId=51034,복식 호흡
/entry.nhn?docId=938955&cid=51034&categoryId=51034,나비 자세 [Baddha Konasana]
/entry.nhn?docId=938975&cid=51034&categoryId=51034,비둘기 자세 [Eka Pada Rajakapotasana]
/entry.nhn?docId=938956&cid=51034&categoryId=51034,낙타 자세 [Ustrasana]
/entry.nhn?docId=938992&cid=51034&categoryId=51034,쟁기 자세 [Halasana]
/entry.nhn?docId=938994&cid=51034&categoryId=51034,코브라 자세 [Bhujangasana]
/entry.nhn?docId=938964&cid=51034&categoryId=51034,물고기 자세 [Matsyasana]
/entry.nhn?docId=939001&cid=51034&categoryId=51034,고관절 운동
/entry.nhn?docId=939006&cid=51034&categoryId=51034,발끝 치기
/entry.nhn?docId=938968&cid=51034&categoryId=51034,준비 운동
/entry.nhn?docId=939003&cid=51034&categoryId=51034,모관 운동
/entry.nhn?docId=938981&cid=51034&categoryId=51034,소머리 자세 [Gomukhasana]
/entry.nhn?docId=938963&cid=51034&categoryId=51034,메뚜기 자세 [Salabhasana]
